/*
 Navicat Premium Data Transfer

 Source Server         : localhost@test1
 Source Server Type    : MySQL
 Source Server Version : 50553
 Source Host           : localhost:3306
 Source Schema         : test1

 Target Server Type    : MySQL
 Target Server Version : 50553
 File Encoding         : 65001

 Date: 04/06/2021 15:55:09
*/

SET NAMES utf8mb4;
SET FOREIGN_KEY_CHECKS = 0;

-- ----------------------------
-- Table structure for address_1
-- ----------------------------
DROP TABLE IF EXISTS `address_1`;
CREATE TABLE `address_1`  (
  `id` bigint(11) NOT NULL AUTO_INCREMENT,
  `address` varchar(255) CHARACTER SET utf8 COLLATE utf8_general_ci NULL DEFAULT NULL,
  `user_id` bigint(11) NULL DEFAULT NULL,
  `group_id` int(11) NULL DEFAULT NULL,
  PRIMARY KEY (`id`) USING BTREE
) ENGINE = MyISAM AUTO_INCREMENT = 607594797695238146 CHARACTER SET = utf8 COLLATE = utf8_general_ci ROW_FORMAT = Dynamic;

-- ----------------------------
-- Records of address_1
-- ----------------------------
INSERT INTO `address_1` VALUES (607594794302046208, '北京市', 1400715137683603458, 1);
INSERT INTO `address_1` VALUES (607594794323017729, '深圳市', 1400715137683603458, 1);
INSERT INTO `address_1` VALUES (607594794390126592, '上海市', 1400715137822015490, 1);
INSERT INTO `address_1` VALUES (607594794402709505, '北京市', 1400715137822015490, 1);
INSERT INTO `address_1` VALUES (607594794461429760, '成都市', 1400715137822015492, 1);
INSERT INTO `address_1` VALUES (607594794474012673, '北京市', 1400715137822015492, 1);
INSERT INTO `address_1` VALUES (607594794553704448, '深圳市', 1400715137952038914, 1);
INSERT INTO `address_1` VALUES (607594794566287361, '杭州市', 1400715137952038914, 1);
INSERT INTO `address_1` VALUES (607594794587258880, '深圳市', 1400715137952038915, 1);
INSERT INTO `address_1` VALUES (607594794595647489, '成都市', 1400715137952038915, 1);
INSERT INTO `address_1` VALUES (607594794830528512, '深圳市', 1400715138207891460, 1);
INSERT INTO `address_1` VALUES (607594794838917121, '成都市', 1400715138207891460, 1);
INSERT INTO `address_1` VALUES (607594794859888640, '杭州市', 1400715138207891461, 1);
INSERT INTO `address_1` VALUES (607594794872471553, '杭州市', 1400715138207891461, 1);
INSERT INTO `address_1` VALUES (607594795103158272, '上海市', 1400715138547630082, 1);
INSERT INTO `address_1` VALUES (607594795111546881, '南京市', 1400715138547630082, 1);
INSERT INTO `address_1` VALUES (607594795132518400, '广州市', 1400715138547630083, 1);
INSERT INTO `address_1` VALUES (607594795145101313, '深圳市', 1400715138547630083, 1);
INSERT INTO `address_1` VALUES (607594795174461440, '深圳市', 1400715138610544642, 1);
INSERT INTO `address_1` VALUES (607594795182850049, '南京市', 1400715138610544642, 1);
INSERT INTO `address_1` VALUES (607594795296096256, '北京市', 1400715138727985153, 1);
INSERT INTO `address_1` VALUES (607594795308679169, '北京市', 1400715138727985153, 1);
INSERT INTO `address_1` VALUES (607594795329650688, '南京市', 1400715138727985154, 1);
INSERT INTO `address_1` VALUES (607594795338039297, '深圳市', 1400715138727985154, 1);
INSERT INTO `address_1` VALUES (607594795354816512, '北京市', 1400715138799288321, 1);
INSERT INTO `address_1` VALUES (607594795367399425, '南京市', 1400715138799288321, 1);
INSERT INTO `address_1` VALUES (607594795417731072, '深圳市', 1400715138799288323, 1);
INSERT INTO `address_1` VALUES (607594795434508289, '广州市', 1400715138799288323, 1);
INSERT INTO `address_1` VALUES (607594795463868416, '北京市', 1400715138799288324, 1);
INSERT INTO `address_1` VALUES (607594795472257025, '南京市', 1400715138799288324, 1);
INSERT INTO `address_1` VALUES (607594795501617152, '北京市', 1400715138799288325, 1);
INSERT INTO `address_1` VALUES (607594795514200065, '南京市', 1400715138799288325, 1);
INSERT INTO `address_1` VALUES (607594795547754496, '成都市', 1400715138941894659, 1);
INSERT INTO `address_1` VALUES (607594795564531713, '北京市', 1400715138941894659, 1);
INSERT INTO `address_1` VALUES (607594795635834880, '上海市', 1400715139076112385, 1);
INSERT INTO `address_1` VALUES (607594795652612097, '杭州市', 1400715139076112385, 1);
INSERT INTO `address_1` VALUES (607594796025905152, '广州市', 1400715139461988353, 1);
INSERT INTO `address_1` VALUES (607594796034293761, '北京市', 1400715139461988353, 1);
INSERT INTO `address_1` VALUES (607594796076236800, '北京市', 1400715139461988355, 1);
INSERT INTO `address_1` VALUES (607594796080431105, '深圳市', 1400715139461988355, 1);
INSERT INTO `address_1` VALUES (607594796113985536, '上海市', 1400715139537485826, 1);
INSERT INTO `address_1` VALUES (607594796122374145, '深圳市', 1400715139537485826, 1);
INSERT INTO `address_1` VALUES (607594796139151360, '杭州市', 1400715139537485827, 1);
INSERT INTO `address_1` VALUES (607594796344672257, '上海市', 1400715139537485827, 1);
INSERT INTO `address_1` VALUES (607594796378226688, '杭州市', 1400715139604594689, 1);
INSERT INTO `address_1` VALUES (607594796390809601, '上海市', 1400715139604594689, 1);
INSERT INTO `address_1` VALUES (607594796587941888, '广州市', 1400715140011442177, 1);
INSERT INTO `address_1` VALUES (607594796604719105, '杭州市', 1400715140011442177, 1);
INSERT INTO `address_1` VALUES (607594796663439360, '杭州市', 1400715140061773827, 1);
INSERT INTO `address_1` VALUES (607594796671827969, '杭州市', 1400715140061773827, 1);
INSERT INTO `address_1` VALUES (607594796713771008, '广州市', 1400715140141465602, 1);
INSERT INTO `address_1` VALUES (607594796717965313, '北京市', 1400715140141465602, 1);
INSERT INTO `address_1` VALUES (607594796793462784, '广州市', 1400715140141465604, 1);
INSERT INTO `address_1` VALUES (607594796806045697, '深圳市', 1400715140141465604, 1);
INSERT INTO `address_1` VALUES (607594796898320384, '杭州市', 1400715140263100419, 1);
INSERT INTO `address_1` VALUES (607594796906708993, '南京市', 1400715140263100419, 1);
INSERT INTO `address_1` VALUES (607594796957040640, '上海市', 1400715140397318146, 1);
INSERT INTO `address_1` VALUES (607594796961234945, '南京市', 1400715140397318146, 1);
INSERT INTO `address_1` VALUES (607594797007372288, '南京市', 1400715140397318148, 1);
INSERT INTO `address_1` VALUES (607594797015760897, '杭州市', 1400715140397318148, 1);
INSERT INTO `address_1` VALUES (607594797049315328, '杭州市', 1400715140472815618, 1);
INSERT INTO `address_1` VALUES (607594797057703937, '成都市', 1400715140472815618, 1);
INSERT INTO `address_1` VALUES (607594797091258368, '深圳市', 1400715140535730177, 1);
INSERT INTO `address_1` VALUES (607594797095452673, '杭州市', 1400715140535730177, 1);
INSERT INTO `address_1` VALUES (607594797120618496, '广州市', 1400715140535730178, 1);
INSERT INTO `address_1` VALUES (607594797129007105, '上海市', 1400715140535730178, 1);
INSERT INTO `address_1` VALUES (607594797275807744, '广州市', 1400715140707696642, 1);
INSERT INTO `address_1` VALUES (607594797284196353, '深圳市', 1400715140707696642, 1);
INSERT INTO `address_1` VALUES (607594797300973568, '杭州市', 1400715140707696643, 1);
INSERT INTO `address_1` VALUES (607594797313556481, '杭州市', 1400715140707696643, 1);
INSERT INTO `address_1` VALUES (607594797330333696, '北京市', 1400715140766416897, 1);
INSERT INTO `address_1` VALUES (607594797342916609, '深圳市', 1400715140766416897, 1);
INSERT INTO `address_1` VALUES (607594797435191296, '广州市', 1400715140862885889, 1);
INSERT INTO `address_1` VALUES (607594797443579905, '深圳市', 1400715140862885889, 1);
INSERT INTO `address_1` VALUES (607594797460357120, '广州市', 1400715140862885890, 1);
INSERT INTO `address_1` VALUES (607594797464551425, '北京市', 1400715140862885890, 1);
INSERT INTO `address_1` VALUES (607594797498105856, '杭州市', 1400715140929994754, 1);
INSERT INTO `address_1` VALUES (607594797506494465, '广州市', 1400715140929994754, 1);
INSERT INTO `address_1` VALUES (607594797628129280, '南京市', 1400715140929994756, 1);
INSERT INTO `address_1` VALUES (607594797632323585, '深圳市', 1400715140929994756, 1);
INSERT INTO `address_1` VALUES (607594797686849536, '上海市', 1400715141135515649, 1);
INSERT INTO `address_1` VALUES (607594797695238145, '北京市', 1400715141135515649, 1);

-- ----------------------------
-- Table structure for address_2
-- ----------------------------
DROP TABLE IF EXISTS `address_2`;
CREATE TABLE `address_2`  (
  `id` bigint(11) NOT NULL AUTO_INCREMENT,
  `address` varchar(255) CHARACTER SET utf8 COLLATE utf8_general_ci NULL DEFAULT NULL,
  `user_id` bigint(11) NULL DEFAULT NULL,
  `group_id` int(11) NULL DEFAULT NULL,
  PRIMARY KEY (`id`) USING BTREE
) ENGINE = MyISAM AUTO_INCREMENT = 607594797812678658 CHARACTER SET = utf8 COLLATE = utf8_general_ci ROW_FORMAT = Dynamic;

-- ----------------------------
-- Records of address_2
-- ----------------------------
INSERT INTO `address_2` VALUES (607594794352377856, '广州市', 1400715137683603459, 2);
INSERT INTO `address_2` VALUES (607594794364960769, '成都市', 1400715137683603459, 2);
INSERT INTO `address_2` VALUES (607594794427875328, '成都市', 1400715137822015491, 2);
INSERT INTO `address_2` VALUES (607594794436263937, '上海市', 1400715137822015491, 2);
INSERT INTO `address_2` VALUES (607594794620813312, '杭州市', 1400715137952038916, 2);
INSERT INTO `address_2` VALUES (607594794633396225, '南京市', 1400715137952038916, 2);
INSERT INTO `address_2` VALUES (607594794666950656, '上海市', 1400715137952038917, 2);
INSERT INTO `address_2` VALUES (607594794734059521, '成都市', 1400715137952038917, 2);
INSERT INTO `address_2` VALUES (607594794759225344, '成都市', 1400715138207891458, 2);
INSERT INTO `address_2` VALUES (607594794767613953, '杭州市', 1400715138207891458, 2);
INSERT INTO `address_2` VALUES (607594795061215232, '南京市', 1400715138488909826, 2);
INSERT INTO `address_2` VALUES (607594795077992449, '深圳市', 1400715138488909826, 2);
INSERT INTO `address_2` VALUES (607594795216404480, '成都市', 1400715138623127554, 2);
INSERT INTO `address_2` VALUES (607594795224793089, '上海市', 1400715138623127554, 2);
INSERT INTO `address_2` VALUES (607594795270930432, '成都市', 1400715138698625026, 2);
INSERT INTO `address_2` VALUES (607594795279319041, '上海市', 1400715138698625026, 2);
INSERT INTO `address_2` VALUES (607594795384176640, '深圳市', 1400715138799288322, 2);
INSERT INTO `address_2` VALUES (607594795392565249, '广州市', 1400715138799288322, 2);
INSERT INTO `address_2` VALUES (607594795669389312, '北京市', 1400715139076112386, 2);
INSERT INTO `address_2` VALUES (607594795681972225, '深圳市', 1400715139076112386, 2);
INSERT INTO `address_2` VALUES (607594795749081088, '南京市', 1400715139151609857, 2);
INSERT INTO `address_2` VALUES (607594795761664001, '杭州市', 1400715139151609857, 2);
INSERT INTO `address_2` VALUES (607594795862327296, '广州市', 1400715139214524418, 2);
INSERT INTO `address_2` VALUES (607594795874910209, '上海市', 1400715139214524418, 2);
INSERT INTO `address_2` VALUES (607594795887493120, '广州市', 1400715139323576321, 2);
INSERT INTO `address_2` VALUES (607594795895881729, '成都市', 1400715139323576321, 2);
INSERT INTO `address_2` VALUES (607594795954601984, '南京市', 1400715139352936449, 2);
INSERT INTO `address_2` VALUES (607594795962990593, '广州市', 1400715139352936449, 2);
INSERT INTO `address_2` VALUES (607594796093014016, '深圳市', 1400715139537485825, 2);
INSERT INTO `address_2` VALUES (607594796101402625, '深圳市', 1400715139537485825, 2);
INSERT INTO `address_2` VALUES (607594796537610240, '成都市', 1400715139906584578, 2);
INSERT INTO `address_2` VALUES (607594796545998849, '南京市', 1400715139906584578, 2);
INSERT INTO `address_2` VALUES (607594796558581760, '深圳市', 1400715139906584579, 2);
INSERT INTO `address_2` VALUES (607594796566970369, '深圳市', 1400715139906584579, 2);
INSERT INTO `address_2` VALUES (607594796629884928, '上海市', 1400715140061773826, 2);
INSERT INTO `address_2` VALUES (607594796638273537, '杭州市', 1400715140061773826, 2);
INSERT INTO `address_2` VALUES (607594796688605184, '杭州市', 1400715140061773828, 2);
INSERT INTO `address_2` VALUES (607594796696993793, '北京市', 1400715140061773828, 2);
INSERT INTO `address_2` VALUES (607594796743131136, '成都市', 1400715140141465603, 2);
INSERT INTO `address_2` VALUES (607594796764102657, '广州市', 1400715140141465603, 2);
INSERT INTO `address_2` VALUES (607594796936069120, '杭州市', 1400715140355375106, 2);
INSERT INTO `address_2` VALUES (607594796944457729, '杭州市', 1400715140355375106, 2);
INSERT INTO `address_2` VALUES (607594796978012160, '南京市', 1400715140397318147, 2);
INSERT INTO `address_2` VALUES (607594796982206465, '北京市', 1400715140397318147, 2);
INSERT INTO `address_2` VALUES (607594797028343808, '杭州市', 1400715140472815617, 2);
INSERT INTO `address_2` VALUES (607594797036732417, '深圳市', 1400715140472815617, 2);
INSERT INTO `address_2` VALUES (607594797066092544, '北京市', 1400715140472815619, 2);
INSERT INTO `address_2` VALUES (607594797074481153, '北京市', 1400715140472815619, 2);
INSERT INTO `address_2` VALUES (607594797372276736, '南京市', 1400715140766416898, 2);
INSERT INTO `address_2` VALUES (607594797380665345, '上海市', 1400715140766416898, 2);
INSERT INTO `address_2` VALUES (607594797393248256, '广州市', 1400715140841914369, 2);
INSERT INTO `address_2` VALUES (607594797405831169, '深圳市', 1400715140841914369, 2);
INSERT INTO `address_2` VALUES (607594797481328640, '深圳市', 1400715140862885891, 2);
INSERT INTO `address_2` VALUES (607594797485522945, '成都市', 1400715140862885891, 2);
INSERT INTO `address_2` VALUES (607594797519077376, '杭州市', 1400715140929994755, 2);
INSERT INTO `address_2` VALUES (607594797527465985, '南京市', 1400715140929994755, 2);
INSERT INTO `address_2` VALUES (607594797661683712, '杭州市', 1400715141064212483, 2);
INSERT INTO `address_2` VALUES (607594797674266625, '深圳市', 1400715141064212483, 2);
INSERT INTO `address_2` VALUES (607594797707821056, '杭州市', 1400715141135515650, 2);
INSERT INTO `address_2` VALUES (607594797716209665, '北京市', 1400715141135515650, 2);
INSERT INTO `address_2` VALUES (607594797758152704, '广州市', 1400715141190041602, 2);
INSERT INTO `address_2` VALUES (607594797766541313, '北京市', 1400715141190041602, 2);
INSERT INTO `address_2` VALUES (607594797804290048, '广州市', 1400715141190041604, 2);
INSERT INTO `address_2` VALUES (607594797812678657, '杭州市', 1400715141190041604, 2);

-- ----------------------------
-- Table structure for address_3
-- ----------------------------
DROP TABLE IF EXISTS `address_3`;
CREATE TABLE `address_3`  (
  `id` bigint(11) NOT NULL AUTO_INCREMENT,
  `address` varchar(255) CHARACTER SET utf8 COLLATE utf8_general_ci NULL DEFAULT NULL,
  `user_id` bigint(11) NULL DEFAULT NULL,
  `group_id` int(11) NULL DEFAULT NULL,
  PRIMARY KEY (`id`) USING BTREE
) ENGINE = MyISAM AUTO_INCREMENT = 607594797833650178 CHARACTER SET = utf8 COLLATE = utf8_general_ci ROW_FORMAT = Dynamic;

-- ----------------------------
-- Records of address_3
-- ----------------------------
INSERT INTO `address_3` VALUES (607594794163634176, '广州市', 1400715137322893314, 3);
INSERT INTO `address_3` VALUES (607594794213965825, '南京市', 1400715137322893314, 3);
INSERT INTO `address_3` VALUES (607594794243325952, '深圳市', 1400715137683603457, 3);
INSERT INTO `address_3` VALUES (607594794255908865, '成都市', 1400715137683603457, 3);
INSERT INTO `address_3` VALUES (607594794499178496, '广州市', 1400715137822015493, 3);
INSERT INTO `address_3` VALUES (607594794511761409, '杭州市', 1400715137822015493, 3);
INSERT INTO `address_3` VALUES (607594794792779776, '杭州市', 1400715138207891459, 3);
INSERT INTO `address_3` VALUES (607594794801168385, '成都市', 1400715138207891459, 3);
INSERT INTO `address_3` VALUES (607594794910220288, '成都市', 1400715138207891462, 3);
INSERT INTO `address_3` VALUES (607594794918608897, '成都市', 1400715138207891462, 3);
INSERT INTO `address_3` VALUES (607594794947969024, '深圳市', 1400715138363080705, 3);
INSERT INTO `address_3` VALUES (607594794956357633, '成都市', 1400715138363080705, 3);
INSERT INTO `address_3` VALUES (607594794981523456, '南京市', 1400715138421800962, 3);
INSERT INTO `address_3` VALUES (607594794994106369, '上海市', 1400715138421800962, 3);
INSERT INTO `address_3` VALUES (607594795036049408, '广州市', 1400715138438578178, 3);
INSERT INTO `address_3` VALUES (607594795044438017, '成都市', 1400715138438578178, 3);
INSERT INTO `address_3` VALUES (607594795245764608, '成都市', 1400715138623127555, 3);
INSERT INTO `address_3` VALUES (607594795249958913, '杭州市', 1400715138623127555, 3);
INSERT INTO `address_3` VALUES (607594795526782976, '上海市', 1400715138941894658, 3);
INSERT INTO `address_3` VALUES (607594795530977281, '深圳市', 1400715138941894658, 3);
INSERT INTO `address_3` VALUES (607594795593891840, '南京市', 1400715139009003522, 3);
INSERT INTO `address_3` VALUES (607594795598086145, '上海市', 1400715139009003522, 3);
INSERT INTO `address_3` VALUES (607594795614863360, '南京市', 1400715139009003523, 3);
INSERT INTO `address_3` VALUES (607594795623251969, '深圳市', 1400715139009003523, 3);
INSERT INTO `address_3` VALUES (607594795719720960, '杭州市', 1400715139076112387, 3);
INSERT INTO `address_3` VALUES (607594795728109569, '北京市', 1400715139076112387, 3);
INSERT INTO `address_3` VALUES (607594795816189952, '上海市', 1400715139214524417, 3);
INSERT INTO `address_3` VALUES (607594795849744385, '北京市', 1400715139214524417, 3);
INSERT INTO `address_3` VALUES (607594796004933632, '广州市', 1400715139352936450, 3);
INSERT INTO `address_3` VALUES (607594796009127937, '上海市', 1400715139352936450, 3);
INSERT INTO `address_3` VALUES (607594796046876672, '深圳市', 1400715139461988354, 3);
INSERT INTO `address_3` VALUES (607594796055265281, '广州市', 1400715139461988354, 3);
INSERT INTO `address_3` VALUES (607594796432752640, '南京市', 1400715139604594690, 3);
INSERT INTO `address_3` VALUES (607594796445335553, '南京市', 1400715139604594690, 3);
INSERT INTO `address_3` VALUES (607594796483084288, '成都市', 1400715139906584577, 3);
INSERT INTO `address_3` VALUES (607594796495667201, '深圳市', 1400715139906584577, 3);
INSERT INTO `address_3` VALUES (607594796827017216, '北京市', 1400715140263100417, 3);
INSERT INTO `address_3` VALUES (607594796835405825, '成都市', 1400715140263100417, 3);
INSERT INTO `address_3` VALUES (607594796856377344, '成都市', 1400715140263100418, 3);
INSERT INTO `address_3` VALUES (607594796877348865, '杭州市', 1400715140263100418, 3);
INSERT INTO `address_3` VALUES (607594796919291904, '杭州市', 1400715140355375105, 3);
INSERT INTO `address_3` VALUES (607594796923486209, '北京市', 1400715140355375105, 3);
INSERT INTO `address_3` VALUES (607594797149978624, '北京市', 1400715140594450434, 3);
INSERT INTO `address_3` VALUES (607594797158367233, '北京市', 1400715140594450434, 3);
INSERT INTO `address_3` VALUES (607594797175144448, '北京市', 1400715140594450435, 3);
INSERT INTO `address_3` VALUES (607594797263224833, '成都市', 1400715140594450435, 3);
INSERT INTO `address_3` VALUES (607594797644906496, '深圳市', 1400715141064212482, 3);
INSERT INTO `address_3` VALUES (607594797653295105, '北京市', 1400715141064212482, 3);
INSERT INTO `address_3` VALUES (607594797728792576, '上海市', 1400715141135515651, 3);
INSERT INTO `address_3` VALUES (607594797737181185, '深圳市', 1400715141135515651, 3);
INSERT INTO `address_3` VALUES (607594797783318528, '深圳市', 1400715141190041603, 3);
INSERT INTO `address_3` VALUES (607594797787512833, '上海市', 1400715141190041603, 3);
INSERT INTO `address_3` VALUES (607594797825261568, '杭州市', 1400715141257150466, 3);
INSERT INTO `address_3` VALUES (607594797833650177, '深圳市', 1400715141257150466, 3);

-- ----------------------------
-- Table structure for goods
-- ----------------------------
DROP TABLE IF EXISTS `goods`;
CREATE TABLE `goods`  (
  `id` int(11) NOT NULL AUTO_INCREMENT,
  `name` varchar(255) CHARACTER SET utf8 COLLATE utf8_general_ci NOT NULL,
  `num` int(11) NOT NULL DEFAULT 0,
  `status` varchar(255) CHARACTER SET utf8 COLLATE utf8_general_ci NULL DEFAULT NULL,
  `pid` int(11) NULL DEFAULT NULL,
  PRIMARY KEY (`id`) USING BTREE,
  INDEX `name`(`name`, `pid`) USING BTREE
) ENGINE = InnoDB AUTO_INCREMENT = 62 CHARACTER SET = utf8 COLLATE = utf8_general_ci ROW_FORMAT = Compact;

-- ----------------------------
-- Records of goods
-- ----------------------------
INSERT INTO `goods` VALUES (1, '小米手机', 22, '1', 1);
INSERT INTO `goods` VALUES (2, '苹果手机', 15, '1', 1);
INSERT INTO `goods` VALUES (3, '华为手机', 4, '1', 0);
INSERT INTO `goods` VALUES (5, '1+手机', 32, '1', 0);
INSERT INTO `goods` VALUES (6, 'OPPO手机', 7, '1', 0);
INSERT INTO `goods` VALUES (7, '三星手机', 5, '1', 0);
INSERT INTO `goods` VALUES (8, '戴尔电脑', 11, '1', 0);
INSERT INTO `goods` VALUES (9, '联系电脑', 32, '1', 0);
INSERT INTO `goods` VALUES (10, '宏碁电脑', 58, '1', 0);
INSERT INTO `goods` VALUES (11, '李宁', 49, '1', 0);
INSERT INTO `goods` VALUES (12, '特步', 88, '1', 0);
INSERT INTO `goods` VALUES (13, '安踏', 12, '1', 0);
INSERT INTO `goods` VALUES (14, '美特斯邦威', 0, '1', 0);
INSERT INTO `goods` VALUES (15, '康师傅', 17, '1', 0);
INSERT INTO `goods` VALUES (16, '可口可乐', 99, '1', 0);
INSERT INTO `goods` VALUES (17, '小米手机', 32, '1', 1);
INSERT INTO `goods` VALUES (18, '苹果手机', 15, '1', 1);
INSERT INTO `goods` VALUES (19, '华为手机', 4, '1', 0);
INSERT INTO `goods` VALUES (20, '1+手机', 32, '1', 0);
INSERT INTO `goods` VALUES (21, 'OPPO手机', 7, '1', 0);
INSERT INTO `goods` VALUES (22, '三星手机', 5, '1', 0);
INSERT INTO `goods` VALUES (23, '戴尔电脑', 11, '1', 0);
INSERT INTO `goods` VALUES (24, '联系电脑', 32, '1', 0);
INSERT INTO `goods` VALUES (25, '宏碁电脑', 58, '1', 0);
INSERT INTO `goods` VALUES (26, '李宁', 49, '1', 0);
INSERT INTO `goods` VALUES (27, '特步', 88, '1', 0);
INSERT INTO `goods` VALUES (28, '安踏', 12, '1', 0);
INSERT INTO `goods` VALUES (29, '美特斯邦威', 0, '1', 0);
INSERT INTO `goods` VALUES (30, '康师傅', 17, '1', 0);
INSERT INTO `goods` VALUES (31, '可口可乐', 99, '1', 0);
INSERT INTO `goods` VALUES (32, '小米手机', 11, '1', 1);
INSERT INTO `goods` VALUES (33, '苹果手机', 15, '1', 1);
INSERT INTO `goods` VALUES (34, '华为手机', 4, '1', 0);
INSERT INTO `goods` VALUES (35, '1+手机', 32, '1', 0);
INSERT INTO `goods` VALUES (36, 'OPPO手机', 7, '1', 0);
INSERT INTO `goods` VALUES (37, '三星手机', 5, '1', 0);
INSERT INTO `goods` VALUES (38, '戴尔电脑', 11, '1', 0);
INSERT INTO `goods` VALUES (39, '联系电脑', 32, '1', 0);
INSERT INTO `goods` VALUES (40, '宏碁电脑', 58, '1', 0);
INSERT INTO `goods` VALUES (41, '李宁', 49, '1', 0);
INSERT INTO `goods` VALUES (42, '特步', 88, '1', 0);
INSERT INTO `goods` VALUES (43, '安踏', 12, '1', 0);
INSERT INTO `goods` VALUES (44, '美特斯邦威', 0, '1', 0);
INSERT INTO `goods` VALUES (45, '康师傅', 17, '1', 0);
INSERT INTO `goods` VALUES (46, '可口可乐', 99, '1', 0);
INSERT INTO `goods` VALUES (47, '小米手机', 15, '1', 1);
INSERT INTO `goods` VALUES (48, '苹果手机', 15, '1', 1);
INSERT INTO `goods` VALUES (49, '华为手机', 4, '1', 0);
INSERT INTO `goods` VALUES (50, '1+手机', 32, '1', 0);
INSERT INTO `goods` VALUES (51, 'OPPO手机', 7, '1', 0);
INSERT INTO `goods` VALUES (52, '三星手机', 5, '1', 0);
INSERT INTO `goods` VALUES (53, '戴尔电脑', 11, '1', 0);
INSERT INTO `goods` VALUES (54, '联系电脑', 32, '1', 0);
INSERT INTO `goods` VALUES (55, '宏碁电脑', 58, '1', 0);
INSERT INTO `goods` VALUES (56, '李宁', 49, '1', 0);
INSERT INTO `goods` VALUES (57, '特步', 88, '1', 0);
INSERT INTO `goods` VALUES (58, '安踏', 12, '1', 0);
INSERT INTO `goods` VALUES (59, '美特斯邦威', 0, '1', 0);
INSERT INTO `goods` VALUES (60, '康师傅', 17, '1', 0);
INSERT INTO `goods` VALUES (61, '可口可乐', 99, '1', 0);

-- ----------------------------
-- Table structure for user_1
-- ----------------------------
DROP TABLE IF EXISTS `user_1`;
CREATE TABLE `user_1`  (
  `id` bigint(20) NOT NULL AUTO_INCREMENT,
  `name` varchar(255) CHARACTER SET utf8 COLLATE utf8_general_ci NULL DEFAULT NULL,
  `group_id` int(11) NULL DEFAULT NULL,
  `status` tinyint(1) NULL DEFAULT NULL,
  PRIMARY KEY (`id`) USING BTREE
) ENGINE = MyISAM AUTO_INCREMENT = 1400715141135515650 CHARACTER SET = utf8 COLLATE = utf8_general_ci ROW_FORMAT = Dynamic;

-- ----------------------------
-- Records of user_1
-- ----------------------------
INSERT INTO `user_1` VALUES (1400715137683603458, '游客3', 1, 1);
INSERT INTO `user_1` VALUES (1400715137822015490, '游客5', 1, 1);
INSERT INTO `user_1` VALUES (1400715137822015492, '游客7', 1, 1);
INSERT INTO `user_1` VALUES (1400715137952038914, '游客9', 1, 1);
INSERT INTO `user_1` VALUES (1400715137952038915, '游客10', 1, 1);
INSERT INTO `user_1` VALUES (1400715138207891460, '游客15', 1, 1);
INSERT INTO `user_1` VALUES (1400715138207891461, '游客16', 1, 1);
INSERT INTO `user_1` VALUES (1400715138547630082, '游客22', 1, 1);
INSERT INTO `user_1` VALUES (1400715138547630083, '游客23', 1, 1);
INSERT INTO `user_1` VALUES (1400715138610544642, '游客24', 1, 1);
INSERT INTO `user_1` VALUES (1400715138727985153, '游客28', 1, 1);
INSERT INTO `user_1` VALUES (1400715138727985154, '游客29', 1, 1);
INSERT INTO `user_1` VALUES (1400715138799288321, '游客30', 1, 1);
INSERT INTO `user_1` VALUES (1400715138799288323, '游客32', 1, 1);
INSERT INTO `user_1` VALUES (1400715138799288324, '游客33', 1, 1);
INSERT INTO `user_1` VALUES (1400715138799288325, '游客34', 1, 1);
INSERT INTO `user_1` VALUES (1400715138941894659, '游客36', 1, 1);
INSERT INTO `user_1` VALUES (1400715139076112385, '游客39', 1, 1);
INSERT INTO `user_1` VALUES (1400715139461988353, '游客48', 1, 1);
INSERT INTO `user_1` VALUES (1400715139461988355, '游客50', 1, 1);
INSERT INTO `user_1` VALUES (1400715139537485826, '游客52', 1, 1);
INSERT INTO `user_1` VALUES (1400715139537485827, '游客53', 1, 1);
INSERT INTO `user_1` VALUES (1400715139604594689, '游客54', 1, 1);
INSERT INTO `user_1` VALUES (1400715140011442177, '游客59', 1, 1);
INSERT INTO `user_1` VALUES (1400715140061773827, '游客61', 1, 1);
INSERT INTO `user_1` VALUES (1400715140141465602, '游客63', 1, 1);
INSERT INTO `user_1` VALUES (1400715140141465604, '游客65', 1, 1);
INSERT INTO `user_1` VALUES (1400715140263100419, '游客68', 1, 1);
INSERT INTO `user_1` VALUES (1400715140397318146, '游客71', 1, 1);
INSERT INTO `user_1` VALUES (1400715140397318148, '游客73', 1, 1);
INSERT INTO `user_1` VALUES (1400715140472815618, '游客75', 1, 1);
INSERT INTO `user_1` VALUES (1400715140535730177, '游客77', 1, 1);
INSERT INTO `user_1` VALUES (1400715140535730178, '游客78', 1, 1);
INSERT INTO `user_1` VALUES (1400715140707696642, '游客81', 1, 1);
INSERT INTO `user_1` VALUES (1400715140707696643, '游客82', 1, 1);
INSERT INTO `user_1` VALUES (1400715140766416897, '游客83', 1, 1);
INSERT INTO `user_1` VALUES (1400715140862885889, '游客86', 1, 1);
INSERT INTO `user_1` VALUES (1400715140862885890, '游客87', 1, 1);
INSERT INTO `user_1` VALUES (1400715140929994754, '游客89', 1, 1);
INSERT INTO `user_1` VALUES (1400715140929994756, '游客91', 1, 1);
INSERT INTO `user_1` VALUES (1400715141135515649, '游客94', 1, 1);

-- ----------------------------
-- Table structure for user_2
-- ----------------------------
DROP TABLE IF EXISTS `user_2`;
CREATE TABLE `user_2`  (
  `id` bigint(20) NOT NULL AUTO_INCREMENT,
  `name` varchar(255) CHARACTER SET utf8 COLLATE utf8_general_ci NULL DEFAULT NULL,
  `group_id` int(11) NULL DEFAULT NULL,
  `status` tinyint(1) NULL DEFAULT NULL,
  PRIMARY KEY (`id`) USING BTREE
) ENGINE = MyISAM AUTO_INCREMENT = 1400715141190041605 CHARACTER SET = utf8 COLLATE = utf8_general_ci ROW_FORMAT = Dynamic;

-- ----------------------------
-- Records of user_2
-- ----------------------------
INSERT INTO `user_2` VALUES (1400715137683603459, '游客4', 2, 1);
INSERT INTO `user_2` VALUES (1400715137822015491, '游客6', 2, 1);
INSERT INTO `user_2` VALUES (1400715137952038916, '游客11', 2, 1);
INSERT INTO `user_2` VALUES (1400715137952038917, '游客12', 2, 1);
INSERT INTO `user_2` VALUES (1400715138207891458, '游客13', 2, 1);
INSERT INTO `user_2` VALUES (1400715138488909826, '游客21', 2, 1);
INSERT INTO `user_2` VALUES (1400715138623127554, '游客25', 2, 1);
INSERT INTO `user_2` VALUES (1400715138698625026, '游客27', 2, 1);
INSERT INTO `user_2` VALUES (1400715138799288322, '游客31', 2, 1);
INSERT INTO `user_2` VALUES (1400715139076112386, '游客40', 2, 1);
INSERT INTO `user_2` VALUES (1400715139151609857, '游客42', 2, 1);
INSERT INTO `user_2` VALUES (1400715139214524418, '游客44', 2, 1);
INSERT INTO `user_2` VALUES (1400715139323576321, '游客45', 2, 1);
INSERT INTO `user_2` VALUES (1400715139352936449, '游客46', 2, 1);
INSERT INTO `user_2` VALUES (1400715139537485825, '游客51', 2, 1);
INSERT INTO `user_2` VALUES (1400715139906584578, '游客57', 2, 1);
INSERT INTO `user_2` VALUES (1400715139906584579, '游客58', 2, 1);
INSERT INTO `user_2` VALUES (1400715140061773826, '游客60', 2, 1);
INSERT INTO `user_2` VALUES (1400715140061773828, '游客62', 2, 1);
INSERT INTO `user_2` VALUES (1400715140141465603, '游客64', 2, 1);
INSERT INTO `user_2` VALUES (1400715140355375106, '游客70', 2, 1);
INSERT INTO `user_2` VALUES (1400715140397318147, '游客72', 2, 1);
INSERT INTO `user_2` VALUES (1400715140472815617, '游客74', 2, 1);
INSERT INTO `user_2` VALUES (1400715140472815619, '游客76', 2, 1);
INSERT INTO `user_2` VALUES (1400715140766416898, '游客84', 2, 1);
INSERT INTO `user_2` VALUES (1400715140841914369, '游客85', 2, 1);
INSERT INTO `user_2` VALUES (1400715140862885891, '游客88', 2, 1);
INSERT INTO `user_2` VALUES (1400715140929994755, '游客90', 2, 1);
INSERT INTO `user_2` VALUES (1400715141064212483, '游客93', 2, 1);
INSERT INTO `user_2` VALUES (1400715141135515650, '游客95', 2, 1);
INSERT INTO `user_2` VALUES (1400715141190041602, '游客97', 2, 1);
INSERT INTO `user_2` VALUES (1400715141190041604, '游客99', 2, 1);

-- ----------------------------
-- Table structure for user_3
-- ----------------------------
DROP TABLE IF EXISTS `user_3`;
CREATE TABLE `user_3`  (
  `id` bigint(20) NOT NULL AUTO_INCREMENT,
  `name` varchar(255) CHARACTER SET utf8 COLLATE utf8_general_ci NULL DEFAULT NULL,
  `group_id` int(11) NULL DEFAULT NULL,
  `status` tinyint(1) NULL DEFAULT NULL,
  PRIMARY KEY (`id`) USING BTREE
) ENGINE = MyISAM AUTO_INCREMENT = 1400715141257150467 CHARACTER SET = utf8 COLLATE = utf8_general_ci ROW_FORMAT = Dynamic;

-- ----------------------------
-- Records of user_3
-- ----------------------------
INSERT INTO `user_3` VALUES (1400715137322893314, '游客1', 3, 1);
INSERT INTO `user_3` VALUES (1400715137683603457, '游客2', 3, 1);
INSERT INTO `user_3` VALUES (1400715137822015493, '游客8', 3, 1);
INSERT INTO `user_3` VALUES (1400715138207891459, '游客14', 3, 1);
INSERT INTO `user_3` VALUES (1400715138207891462, '游客17', 3, 1);
INSERT INTO `user_3` VALUES (1400715138363080705, '游客18', 3, 1);
INSERT INTO `user_3` VALUES (1400715138421800962, '游客19', 3, 1);
INSERT INTO `user_3` VALUES (1400715138438578178, '游客20', 3, 1);
INSERT INTO `user_3` VALUES (1400715138623127555, '游客26', 3, 1);
INSERT INTO `user_3` VALUES (1400715138941894658, '游客35', 3, 1);
INSERT INTO `user_3` VALUES (1400715139009003522, '游客37', 3, 1);
INSERT INTO `user_3` VALUES (1400715139009003523, '游客38', 3, 1);
INSERT INTO `user_3` VALUES (1400715139076112387, '游客41', 3, 1);
INSERT INTO `user_3` VALUES (1400715139214524417, '游客43', 3, 1);
INSERT INTO `user_3` VALUES (1400715139352936450, '游客47', 3, 1);
INSERT INTO `user_3` VALUES (1400715139461988354, '游客49', 3, 1);
INSERT INTO `user_3` VALUES (1400715139604594690, '游客55', 3, 1);
INSERT INTO `user_3` VALUES (1400715139906584577, '游客56', 3, 1);
INSERT INTO `user_3` VALUES (1400715140263100417, '游客66', 3, 1);
INSERT INTO `user_3` VALUES (1400715140263100418, '游客67', 3, 1);
INSERT INTO `user_3` VALUES (1400715140355375105, '游客69', 3, 1);
INSERT INTO `user_3` VALUES (1400715140594450434, '游客79', 3, 1);
INSERT INTO `user_3` VALUES (1400715140594450435, '游客80', 3, 1);
INSERT INTO `user_3` VALUES (1400715141064212482, '游客92', 3, 1);
INSERT INTO `user_3` VALUES (1400715141135515651, '游客96', 3, 1);
INSERT INTO `user_3` VALUES (1400715141190041603, '游客98', 3, 1);
INSERT INTO `user_3` VALUES (1400715141257150466, '游客100', 3, 1);

SET FOREIGN_KEY_CHECKS = 1;
